setup,en_iou_mean,en_recall_mean,en_precision_mean,en_f1_mean,ko_iou_mean,ko_recall_mean,ko_precision_mean,ko_f1_mean
layer_0__mean__a2t,0.0004,0.0006,0.1421,0.1489,0.0000,0.0000,,
layer_0__max__a2t,0.0004,0.0006,0.1379,0.1465,0.0000,0.0000,,
layer_1__mean__a2t,0.0000,0.0000,,,0.0000,0.0000,,
layer_1__max__a2t,0.0000,0.0000,,,0.0000,0.0000,0.0000,
layer_2__mean__a2t,0.0000,0.0000,,,0.0000,0.0000,,
layer_2__max__a2t,0.0000,0.0000,0.0000,,0.0005,0.0005,0.3752,0.1939
layer_3__mean__a2t,0.0000,0.0000,,,0.0000,0.0000,,
layer_3__max__a2t,0.0001,0.0002,0.1224,0.1231,0.0000,0.0000,0.0000,
layer_4__mean__a2t,0.0000,0.0000,0.0000,,0.0000,0.0000,,
layer_4__max__a2t,0.0001,0.0001,0.0822,0.1210,0.0000,0.0000,1.0000,0.1429
layer_5__mean__a2t,0.0000,0.0000,0.2507,0.1051,0.0000,0.0000,,
layer_5__max__a2t,0.0008,0.0041,0.0841,0.2119,0.0005,0.0005,0.3095,0.1587
layer_6__mean__a2t,0.0005,0.0028,0.0680,0.1275,0.0000,0.0000,,
layer_6__max__a2t,0.0007,0.0055,0.0862,0.1680,0.0000,0.0000,,
layer_7__mean__a2t,0.0026,0.0044,0.5469,0.5683,0.0000,0.0000,,
layer_7__max__a2t,0.0020,0.0056,0.2185,0.4115,0.0000,0.0000,0.5000,0.0714
layer_8__mean__a2t,0.2854,0.4018,0.5051,0.4544,0.3848,0.4327,0.6512,0.5653
layer_8__max__a2t,0.2864,0.4058,0.4982,0.4540,0.4033,0.4611,0.6443,0.5769
layer_9__mean__a2t,0.0006,0.0010,0.1184,0.1175,0.0002,0.0002,0.1818,0.1289
layer_9__max__a2t,0.0033,0.0039,0.0988,0.1550,0.0053,0.0055,0.2280,0.1541
layer_10__mean__a2t,0.0009,0.0010,0.0901,0.1259,0.0005,0.0006,0.3107,0.1303
layer_10__max__a2t,0.0096,0.0114,0.0862,0.1579,0.0178,0.0190,0.2764,0.1554
layer_11__mean__a2t,0.0008,0.0011,0.6375,0.4133,0.0001,0.0001,0.8533,0.2381
layer_11__max__a2t,0.0035,0.0042,0.5776,0.2202,0.0088,0.0105,0.5434,0.2410
layer_12__mean__a2t,0.2843,0.3870,0.5152,0.4450,0.4053,0.4494,0.6476,0.5794
layer_12__max__a2t,0.2897,0.3993,0.5110,0.4485,0.4111,0.4598,0.6429,0.5823
layer_13__mean__a2t,0.2527,0.3466,0.4945,0.4162,0.3896,0.4372,0.6350,0.5683
layer_13__max__a2t,0.2666,0.3698,0.4974,0.4245,0.4039,0.4577,0.6319,0.5810
layer_14__mean__a2t,0.0096,0.0152,0.1067,0.1604,0.0358,0.0552,0.2214,0.2146
layer_14__max__a2t,0.0146,0.0236,0.1029,0.1578,0.0441,0.0690,0.2478,0.2571
layer_15__mean__a2t,0.0138,0.0209,0.0964,0.1564,0.0584,0.0871,0.2346,0.2205
layer_15__max__a2t,0.0144,0.0206,0.0856,0.1533,0.0521,0.0777,0.1998,0.2076
layer_16__mean__a2t,0.0089,0.0206,0.1214,0.1542,0.0237,0.0276,0.1901,0.1766
layer_16__max__a2t,0.0161,0.0308,0.1045,0.1651,0.0522,0.0669,0.2132,0.2030
layer_17__mean__a2t,0.0001,0.0001,0.0223,0.1109,0.0002,0.0002,0.2113,0.1604
layer_17__max__a2t,0.0000,0.0000,0.1097,0.0785,0.0007,0.0007,0.1460,0.1840
layer_18__mean__a2t,0.0001,0.0001,0.0685,0.0942,0.0245,0.0281,0.2240,0.1735
layer_18__max__a2t,0.0001,0.0001,0.0488,0.1033,0.0313,0.0363,0.2151,0.1697
layer_19__mean__a2t,0.0006,0.0006,0.0755,0.1548,0.0461,0.0605,0.2172,0.1905
layer_19__max__a2t,0.0033,0.0036,0.0916,0.1512,0.0460,0.0594,0.1998,0.1885
layer_20__mean__a2t,0.0104,0.0122,0.0916,0.1577,0.0582,0.0792,0.2202,0.1939
layer_20__max__a2t,0.0132,0.0159,0.1007,0.1594,0.0505,0.0633,0.2263,0.1850
layer_21__mean__a2t,0.0265,0.0470,0.0873,0.1462,0.0559,0.0876,0.1720,0.1835
layer_21__max__a2t,0.0255,0.0433,0.0868,0.1415,0.0552,0.0799,0.1969,0.1914
layer_22__mean__a2t,0.0252,0.0517,0.0674,0.1395,0.0586,0.0992,0.1667,0.1940
layer_22__max__a2t,0.0251,0.0486,0.0706,0.1431,0.0555,0.0890,0.1645,0.1940
layer_23__mean__a2t,0.0264,0.0523,0.0734,0.1348,0.0561,0.0929,0.1626,0.1879
layer_23__max__a2t,0.0262,0.0504,0.0748,0.1402,0.0538,0.0871,0.1655,0.1873
layer_24__mean__a2t,0.0202,0.0419,0.0697,0.1240,0.0279,0.0440,0.1669,0.1774
layer_24__max__a2t,0.0199,0.0409,0.0790,0.1350,0.0218,0.0314,0.2009,0.1674
layer_25__mean__a2t,0.0187,0.0369,0.0687,0.1358,0.0200,0.0287,0.1412,0.1867
layer_25__max__a2t,0.0162,0.0310,0.0738,0.1352,0.0125,0.0181,0.1110,0.1576
layer_26__mean__a2t,0.0202,0.0454,0.0801,0.1312,0.0265,0.0403,0.2236,0.1865
layer_26__max__a2t,0.0190,0.0401,0.0681,0.1352,0.0268,0.0393,0.1800,0.1850
layer_27__mean__a2t,0.0204,0.0445,0.0766,0.1242,0.0258,0.0438,0.2064,0.1828
layer_27__max__a2t,0.0204,0.0452,0.0673,0.1271,0.0203,0.0328,0.1816,0.1707
layers_8-13__mean__a2t,0.2745,0.3687,0.5168,0.4385,0.3927,0.4341,0.6508,0.5683
layers_8-13__max__a2t,0.2907,0.4015,0.5107,0.4511,0.4099,0.4623,0.6409,0.5815
layers_8-12__mean__a2t,0.2802,0.3743,0.5221,0.4447,0.3890,0.4291,0.6536,0.5647
layers_8-12__max__a2t,0.2920,0.4025,0.5119,0.4534,0.4105,0.4625,0.6433,0.5821
layers_9-13__mean__a2t,0.2540,0.3374,0.5081,0.4221,0.3773,0.4145,0.6485,0.5556
layers_9-13__max__a2t,0.2837,0.3884,0.5124,0.4427,0.4078,0.4559,0.6414,0.5819
layers_12-13__mean__a2t,0.2743,0.3753,0.5090,0.4342,0.4014,0.4479,0.6409,0.5776
layers_12-13__max__a2t,0.2853,0.3945,0.5078,0.4433,0.4084,0.4581,0.6392,0.5824
layers_11-13__mean__a2t,0.2605,0.3487,0.5088,0.4264,0.3885,0.4287,0.6468,0.5650
layers_11-13__max__a2t,0.2838,0.3885,0.5124,0.4428,0.4089,0.4574,0.6410,0.5826
layers_7-13__mean__a2t,0.2700,0.3603,0.5174,0.4356,0.3838,0.4226,0.6531,0.5611
layers_7-13__max__a2t,0.2895,0.4000,0.5114,0.4501,0.4082,0.4599,0.6422,0.5808
layers_8-14__mean__a2t,0.2704,0.3619,0.5164,0.4357,0.3868,0.4265,0.6508,0.5631
layers_8-14__max__a2t,0.2907,0.4014,0.5108,0.4511,0.4092,0.4612,0.6410,0.5807
layers_10-14__mean__a2t,0.2510,0.3331,0.5072,0.4195,0.3740,0.4112,0.6459,0.5524
layers_10-14__max__a2t,0.2837,0.3883,0.5124,0.4426,0.4075,0.4554,0.6410,0.5813
layers_10-15__mean__a2t,0.2504,0.3325,0.5069,0.4186,0.3716,0.4088,0.6448,0.5505
layers_10-15__max__a2t,0.2831,0.3877,0.5124,0.4422,0.4075,0.4553,0.6413,0.5814
layers_8-15__mean__a2t,0.2697,0.3612,0.5161,0.4349,0.3855,0.4252,0.6505,0.5616
layers_8-15__max__a2t,0.2905,0.4011,0.5108,0.4508,0.4092,0.4612,0.6413,0.5807
layers_8-18__mean__a2t,0.2292,0.2963,0.5088,0.4046,0.3660,0.3995,0.6525,0.5443
layers_8-18__max__a2t,0.2801,0.3806,0.5143,0.4435,0.4082,0.4595,0.6423,0.5804
layers_set_7-8__mean__a2t,0.2730,0.3744,0.5154,0.4457,0.3519,0.3897,0.6581,0.5428
layers_set_7-8__max__a2t,0.2842,0.3992,0.5030,0.4529,0.3914,0.4435,0.6494,0.5687
layers_set_7-9__mean__a2t,0.0025,0.0040,0.5909,0.5552,0.0000,0.0000,,
layers_set_7-9__max__a2t,0.0022,0.0056,0.1373,0.2579,0.0000,0.0000,0.1828,0.1097
layers_set_7-12__mean__a2t,0.2709,0.3628,0.5159,0.4353,0.3833,0.4211,0.6531,0.5609
layers_set_7-12__max__a2t,0.2843,0.3893,0.5145,0.4443,0.4053,0.4496,0.6480,0.5798
layers_set_7-13__mean__a2t,0.2319,0.3097,0.4932,0.4053,0.3594,0.3949,0.6454,0.5477
layers_set_7-13__max__a2t,0.2544,0.3527,0.4956,0.4146,0.3919,0.4411,0.6380,0.5732
layers_set_8-9__mean__a2t,0.2817,0.3912,0.5102,0.4524,0.3711,0.4135,0.6546,0.5552
layers_set_8-9__max__a2t,0.2859,0.4032,0.5008,0.4540,0.3995,0.4548,0.6465,0.5746
layers_set_8-12__mean__a2t,0.2940,0.4042,0.5159,0.4550,0.4091,0.4582,0.6472,0.5811
layers_set_8-12__max__a2t,0.2926,0.4073,0.5069,0.4530,0.4123,0.4669,0.6408,0.5821
layers_set_8-13__mean__a2t,0.2846,0.3919,0.5103,0.4462,0.4048,0.4549,0.6425,0.5786
layers_set_8-13__max__a2t,0.2882,0.4012,0.5039,0.4482,0.4092,0.4643,0.6392,0.5805
layers_set_9-12__mean__a2t,0.2777,0.3749,0.5158,0.4406,0.3935,0.4339,0.6500,0.5696
layers_set_9-12__max__a2t,0.2892,0.3981,0.5119,0.4485,0.4095,0.4568,0.6449,0.5809
layers_set_9-13__mean__a2t,0.2414,0.3273,0.4933,0.4093,0.3766,0.4193,0.6371,0.5574
layers_set_9-13__max__a2t,0.2648,0.3671,0.4979,0.4231,0.4003,0.4524,0.6340,0.5788
layers_set_12-13__mean__a2t,0.2743,0.3753,0.5090,0.4342,0.4014,0.4479,0.6409,0.5776
layers_set_12-13__max__a2t,0.2853,0.3945,0.5078,0.4433,0.4084,0.4581,0.6392,0.5824
layers_set_7-8-9__mean__a2t,0.2672,0.3625,0.5162,0.4426,0.3389,0.3726,0.6603,0.5330
layers_set_7-8-9__max__a2t,0.2841,0.3982,0.5041,0.4529,0.3906,0.4424,0.6493,0.5683
layers_set_7-8-12__mean__a2t,0.2884,0.3922,0.5201,0.4502,0.3972,0.4412,0.6521,0.5727
layers_set_7-8-12__max__a2t,0.2915,0.4047,0.5090,0.4522,0.4091,0.4614,0.6436,0.5813
layers_set_7-8-13__mean__a2t,0.2766,0.3759,0.5140,0.4402,0.3898,0.4331,0.6499,0.5666
layers_set_7-8-13__max__a2t,0.2861,0.3975,0.5051,0.4468,0.4034,0.4556,0.6433,0.5775
layers_set_7-9-12__mean__a2t,0.2651,0.3526,0.5143,0.4313,0.3733,0.4088,0.6543,0.5526
layers_set_7-9-12__max__a2t,0.2842,0.3889,0.5149,0.4444,0.4046,0.4487,0.6483,0.5792
layers_set_7-9-13__mean__a2t,0.2228,0.2952,0.4889,0.4008,0.3428,0.3740,0.6471,0.5329
layers_set_7-9-13__max__a2t,0.2541,0.3523,0.4956,0.4145,0.3917,0.4408,0.6381,0.5731
layers_set_7-12-13__mean__a2t,0.2663,0.3594,0.5101,0.4297,0.3902,0.4306,0.6480,0.5676
layers_set_7-12-13__max__a2t,0.2814,0.3887,0.5092,0.4400,0.4056,0.4533,0.6423,0.5811
layers_set_8-9-12__mean__a2t,0.2917,0.3990,0.5175,0.4532,0.4030,0.4493,0.6497,0.5770
layers_set_8-9-12__max__a2t,0.2926,0.4066,0.5081,0.4531,0.4109,0.4644,0.6417,0.5814
layers_set_8-9-13__mean__a2t,0.2806,0.3840,0.5116,0.4434,0.3968,0.4433,0.6456,0.5724
layers_set_8-9-13__max__a2t,0.2876,0.4000,0.5046,0.4479,0.4074,0.4611,0.6412,0.5799
layers_set_8-12-13__mean__a2t,0.2870,0.3941,0.5137,0.4472,0.4075,0.4562,0.6444,0.5805
layers_set_8-12-13__max__a2t,0.2914,0.4049,0.5078,0.4513,0.4105,0.4643,0.6392,0.5817
layers_set_9-12-13__mean__a2t,0.2699,0.3673,0.5092,0.4309,0.3950,0.4383,0.6440,0.5718
layers_set_9-12-13__max__a2t,0.2851,0.3941,0.5081,0.4433,0.4077,0.4565,0.6403,0.5819
layers_set_7-8-9-12__mean__a2t,0.2857,0.3865,0.5203,0.4481,0.3910,0.4327,0.6531,0.5670
layers_set_7-8-9-12__max__a2t,0.2915,0.4042,0.5099,0.4524,0.4086,0.4606,0.6437,0.5809
layers_set_7-8-9-13__mean__a2t,0.2733,0.3695,0.5148,0.4383,0.3835,0.4243,0.6514,0.5613
layers_set_7-8-9-13__max__a2t,0.2858,0.3970,0.5055,0.4466,0.4032,0.4552,0.6433,0.5776
layers_set_7-8-12-13__mean__a2t,0.2821,0.3840,0.5159,0.4433,0.3994,0.4438,0.6491,0.5742
layers_set_7-8-12-13__max__a2t,0.2902,0.4028,0.5089,0.4501,0.4082,0.4605,0.6415,0.5809
layers_set_7-9-12-13__mean__a2t,0.2624,0.3523,0.5092,0.4278,0.3834,0.4220,0.6491,0.5620
layers_set_7-9-12-13__max__a2t,0.2813,0.3885,0.5093,0.4400,0.4054,0.4529,0.6424,0.5809
layers_set_8-9-12-13__mean__a2t,0.2845,0.3892,0.5143,0.4451,0.4025,0.4487,0.6466,0.5766
layers_set_8-9-12-13__max__a2t,0.2913,0.4045,0.5083,0.4513,0.4097,0.4627,0.6402,0.5813
layers_set_7-8-9-12-13__mean__a2t,0.2794,0.3789,0.5158,0.4413,0.3948,0.4374,0.6505,0.5705
layers_set_7-8-9-12-13__max__a2t,0.2901,0.4026,0.5093,0.4502,0.4081,0.4602,0.6417,0.5808
layers_set_8-12__mean__a2t_vnorm,0.2951,0.4077,0.5171,0.4546,0.4136,0.4653,0.6449,0.5843
layers_set_8-12__max__a2t_vnorm,0.2931,0.4086,0.5089,0.4519,0.4136,0.4699,0.6390,0.5840
layers_set_8-13__mean__a2t_vnorm,0.2855,0.3954,0.5110,0.4450,0.4088,0.4610,0.6406,0.5816
layers_set_8-13__max__a2t_vnorm,0.2879,0.4020,0.5045,0.4469,0.4121,0.4685,0.6377,0.5828
layers_set_9-12__mean__a2t_vnorm,0.2824,0.3859,0.5177,0.4418,0.4052,0.4495,0.6493,0.5794
layers_set_9-12__max__a2t_vnorm,0.2912,0.4022,0.5146,0.4486,0.4130,0.4637,0.6425,0.5841
layers_set_12-13__mean__a2t_vnorm,0.2765,0.3809,0.5120,0.4346,0.4079,0.4558,0.6422,0.5819
layers_set_12-13__max__a2t_vnorm,0.2879,0.3985,0.5128,0.4449,0.4120,0.4626,0.6393,0.5838
layers_8-13__mean__a2t_vnorm,0.2820,0.3864,0.5170,0.4418,0.4059,0.4525,0.6471,0.5794
layers_8-13__max__a2t_vnorm,0.2917,0.4056,0.5108,0.4502,0.4117,0.4651,0.6398,0.5824
layers_set_7-8-9-12-13__mean__a2t_vnorm,0.2850,0.3928,0.5162,0.4441,0.4073,0.4554,0.6459,0.5806
layers_set_7-8-9-12-13__max__a2t_vnorm,0.2913,0.4054,0.5107,0.4499,0.4114,0.4651,0.6395,0.5822
layers_set_8-12__mean__a2t_vnormfx,0.2943,0.4059,0.5180,0.4545,0.4125,0.4637,0.6454,0.5839
layers_set_8-12__max__a2t_vnormfx,0.2931,0.4078,0.5100,0.4523,0.4135,0.4689,0.6400,0.5841
layers_set_8-13__mean__a2t_vnormfx,0.2848,0.3949,0.5111,0.4445,0.4093,0.4615,0.6408,0.5821
layers_set_8-13__max__a2t_vnormfx,0.2871,0.4010,0.5048,0.4461,0.4121,0.4683,0.6378,0.5832
layers_set_9-12__mean__a2t_vnormfx,0.2782,0.3784,0.5174,0.4390,0.4013,0.4443,0.6499,0.5770
layers_set_9-12__max__a2t_vnormfx,0.2894,0.3973,0.5166,0.4472,0.4110,0.4597,0.6444,0.5830
layers_set_12-13__mean__a2t_vnormfx,0.2728,0.3750,0.5111,0.4317,0.4064,0.4537,0.6427,0.5813
layers_set_12-13__max__a2t_vnormfx,0.2862,0.3954,0.5132,0.4435,0.4123,0.4622,0.6406,0.5844
layers_8-13__mean__a2t_vnormfx,0.2796,0.3826,0.5166,0.4399,0.4040,0.4500,0.6480,0.5781
layers_8-13__max__a2t_vnormfx,0.2910,0.4047,0.5106,0.4497,0.4111,0.4644,0.6405,0.5824
layers_set_7-8-9-12-13__mean__a2t_vnormfx,0.2829,0.3896,0.5163,0.4425,0.4058,0.4536,0.6463,0.5796
layers_set_7-8-9-12-13__max__a2t_vnormfx,0.2903,0.4038,0.5110,0.4492,0.4109,0.4641,0.6406,0.5823
